{"cameraMode":{"drawMode":0,"name":"Shaded","section":"Shading Mode"},"sceneLighting":true,"audioPlay":false,"sceneViewState":{"m_AlwaysRefresh":false,"showFog":true,"showSkybox":false,"showFlares":true,"showImageEffects":true,"showParticleSystems":true,"showVisualEffectGraphs":true,"m_FxEnabled":true},"in2DMode":false,"pivot":{"x":58.09995651245117,"y":88.84575653076172,"z":35.156192779541019},"rotation":{"x":0.028549138456583024,"y":-0.9635999798774719,"z":0.1147242859005928,"w":0.23979385197162629},"size":29.42705535888672,"orthographic":false}