{"cameraMode":{"drawMode":0,"name":"Shaded","section":"Shading Mode"},"sceneLighting":true,"audioPlay":false,"sceneViewState":{"m_AlwaysRefresh":false,"showFog":true,"showSkybox":false,"showFlares":true,"showImageEffects":true,"showParticleSystems":true,"showVisualEffectGraphs":true,"m_FxEnabled":true},"in2DMode":false,"pivot":{"x":89.42735290527344,"y":45.73236846923828,"z":-136.20925903320313},"rotation":{"x":-0.02320125512778759,"y":0.8879234194755554,"z":-0.4571956396102905,"w":-0.045059770345687869},"size":147.42503356933595,"orthographic":true}