{"cameraMode":{"drawMode":0,"name":"Shaded","section":"Shading Mode"},"sceneLighting":true,"audioPlay":false,"sceneViewState":{"m_AlwaysRefresh":false,"showFog":true,"showSkybox":false,"showFlares":true,"showImageEffects":true,"showParticleSystems":true,"showVisualEffectGraphs":true,"m_FxEnabled":true},"in2DMode":false,"pivot":{"x":8.976165771484375,"y":-13.043609619140625,"z":-4.0142059326171879},"rotation":{"x":0.33631187677383425,"y":-0.46584561467170718,"z":0.19723142683506013,"w":0.7943452000617981},"size":181.0273895263672,"orthographic":false}